<?xml version="1.0" encoding="UTF-8"?>
<!--
Autor:Ivan Hujsi
Description: kicks the ball in front of the player to the side
phases:basic stance, lifting rigth foot, stretching rigth foot, kick, return to basic stance
area of use: not yet specified
parametrizable: looks like there is a posibility of changing the time to change the kick distance
-->
<robot xsi:noNamespaceSchemaLocation="moves.xsd">
	<low_skills>
		<low_skill name="left_ball_arangment_big" firstPhase="left_ball_arangment_big" />
	</low_skills>
	
	<phases>
		<phase name="left_ball_arangment_big" next="left_ball_arangment_big0">
			<effectors>
			</effectors>
			<duration>20</duration>
		</phase>
		<phase name="left_ball_arangment_big0" next="left_ball_arangment_big1">
			<effectors>
				<rle1 end="0" />
				<lle1 end="0" />
				<rle2 end="7" />
				<lle2 end="-7" />
				<rle3 end="55" />
				<lle3 end="55" />
				<rle4 end="-60" />
				<lle4 end="-60" />
				<rle5 end="30" />
				<lle5 end="30" />
				<rle6 end="-7" />
				<lle6 end="7" />
				<rae1 end="-90"/>
				<lae1 end="-90"/>
				<rae2 end="-10"/>
				<lae2 end="10"/>
				<rae3 end="90"/>
				<lae3 end="-90"/>
				<rae4 end="45"/>
				<lae4 end="-45"/>
			</effectors>
			<duration>300</duration>
		</phase>
		<phase name="left_ball_arangment_big1"  next="left_ball_arangment_big2">
			<effectors>
				<rle1 end="0" />
				<lle1 end="-2" />
				<rle2 end="15" />
				<lle2 end="30" />
				<rle3 end="55" />
				<lle3 end="55" />
				<rle4 end="-60" />
				<lle4 end="-80" />
				<rle5 end="30" />
				<lle5 end="50" />
				<rle6 end="-15" />
				<lle6 end="-45" />
			</effectors>
			<duration>300</duration>
		</phase>
		<phase name="left_ball_arangment_big2"  next="left_ball_arangment_big3">
			<effectors>
				<rle1 end="0" />
				<lle1 end="-7" />
				<rle2 end="15" />
				<lle2 end="45" />
				<rle3 end="55" />
				<lle3 end="55" />
				<rle4 end="-60" />
				<lle4 end="-95" />
				<rle5 end="30" />
				<lle5 end="65" />
				<rle6 end="-15" />
				<lle6 end="0" />
			</effectors>
			<duration>300</duration>
		</phase>
		<phase name="left_ball_arangment_big3"  next="left_ball_arangment_big4">
			<effectors>
				<rle1 end="0" />
				<lle1 end="-21" />
				<rle2 end="15" />
				<lle2 end="45" />
				<rle3 end="55" />
				<lle3 end="75" />
				<rle4 end="-60" />
				<lle4 end="-25" />
				<rle5 end="30" />
				<lle5 end="-25" />
				<rle6 end="-15" />
				<lle6 end="0" />
			</effectors>
			<duration>300</duration>
		</phase>
		<phase name="left_ball_arangment_big4"  next="left_ball_arangment_big5">
			<effectors>
				<rle1 end="0" />
				<lle1 end="0" />
				<rle2 end="15" />
				<lle2 end="0" />
				<rle3 end="55" />
				<lle3 end="75" />
				<rle4 end="-60" />
				<lle4 end="-25" />
				<rle5 end="30" />
				<lle5 end="-25" />
				<rle6 end="-15" />
				<lle6 end="0" />
			</effectors>
			<duration>1000</duration>
		</phase>
		<phase name="left_ball_arangment_big5"  next="left_ball_arangment_big">
			<effectors>
				<rle1 end="0" />
				<lle1 end="0" />
				<rle2 end="15" />
				<lle2 end="0" />
				<rle3 end="55" />
				<lle3 end="100" />
				<rle4 end="-60" />
				<lle4 end="-100" />
				<rle5 end="30" />
				<lle5 end="25" />
				<rle6 end="-15" />
				<lle6 end="0" />
			</effectors>
			<duration>300</duration>
		</phase>
	</phases>
</robot>
