<?xml version="1.0" encoding="UTF-8"?>
<robot xsi:noNamespaceSchemaLocation="moves.xsd">
	<low_skills>
		<low_skill name="lookout" firstPhase="lookout_stand"/>
	</low_skills>
	
	<!--
		Looks to left and to right, trying to localize himself 
	 -->
	<phases>
		<phase name="lookout_stand" next="lookout_left" skipIfFlag="in_walk_position">
			<effectors>
				<he1 end="0" />
				<he2 end="0" />
				<rae1 end="0" />
				<lae1 end="0" />
				<rae2 end="0" />
				<lae2 end="0" />
				<rae3 end="0" />
				<lae3 end="0" />
				<rae4 end="0" />
				<lae4 end="0" />
				<rle1 end="0" />
				<lle1 end="0" />
				<rle2 end="0" />
				<lle2 end="0" />
				<rle3 end="0" />
				<lle3 end="0" />
				<rle4 end="0" />
				<lle4 end="0" />
				<rle5 end="0" />
				<lle5 end="0" />
				<rle6 end="0" />
				<lle6 end="0" />
			</effectors>
			<duration>1000</duration>
		</phase>
		<phase name="lookout_left"  next="lookout_right" setFlagFalse="in_walk_position">
			<effectors>
				<he1 end="120" />
			</effectors>
			<duration>400</duration>
		</phase>
		<phase name="lookout_right" isFinal="true">
			<effectors>
				<he1 end="-120" />
			</effectors>
			<duration>800</duration>
			<finalize>lookout_back_to_default</finalize>
		</phase>
		<phase name="lookout_back_to_default" isFinal="true" setFlagTrue="in_walk_position">
			<effectors>
				<he1 end="0" />
			</effectors>
			<duration>400</duration>
			<finalize>lookout_back_to_default</finalize>
		</phase>
	</phases>
</robot>