<?xml version="1.0" encoding="UTF-8"?>
<!--
Autor:Ivan Hujsi
Description: kicks the ball on side of the player to back skew
phases:basic stance, kick, return to basic stance
area of use: not yet specified
parametrizable: looks like there is a posibility of changing the time to change the kick distance
-->
<robot xsi:noNamespaceSchemaLocation="moves.xsd">
	<low_skills>
		<low_skill name="rigth_side_side_kick" firstPhase="rigth_side_side_kick" />
	</low_skills>
	
	<phases>
		<phase name="rigth_side_side_kick" next="rigth_side_side_kick0">
			<effectors>
			</effectors>
			<duration>300</duration>
		</phase>
		<phase name="rigth_side_side_kick0" next="rigth_side_side_kick1">
			<effectors>
				<rle1 end="0" />
				<lle1 end="0" />
				<rle2 end="7" />
				<lle2 end="-7" />
				<rle3 end="55" />
				<lle3 end="55" />
				<rle4 end="-60" />
				<lle4 end="-60" />
				<rle5 end="30" />
				<lle5 end="30" />
				<rle6 end="-7" />
				<lle6 end="7" />
				<rae1 end="-90"/>
				<lae1 end="-90"/>
				<rae2 end="-10"/>
				<lae2 end="10"/>
				<rae3 end="90"/>
				<lae3 end="-90"/>
				<rae4 end="45"/>
				<lae4 end="-45"/>
			</effectors>
			<duration>1000</duration>
		</phase>
		<phase name="rigth_side_side_kick1"  next="rigth_side_side_kick2">
			<effectors>
				<rle1 end="0" />
				<lle1 end="0" />
				<rle2 end="-7" />
				<lle2 end="-7" />
				<rle3 end="30" />
				<lle3 end="30" />
				<rle4 end="-60" />
				<lle4 end="-60" />
				<rle5 end="30" />
				<lle5 end="30" />
				<rle6 end="7" />
				<lle6 end="7" />
			</effectors>
			<duration>1000</duration>
		</phase>
		<phase name="rigth_side_side_kick2"  next="rigth_side_side_kick">
			<effectors>
				<rle1 end="0" />
				<lle1 end="0" />
				<rle2 end="-45" />
				<lle2 end="45" />
				<rle3 end="30" />
				<lle3 end="30" />
				<rle4 end="-60" />
				<lle4 end="-60" />
				<rle5 end="30" />
				<lle5 end="30" />
				<rle6 end="45" />
				<lle6 end="7" />
			</effectors>
			<duration>200</duration>
		</phase>
	</phases>
</robot>
