<?xml version="1.0" encoding="UTF-8"?>
<robot xsi:noNamespaceSchemaLocation="moves.xsd">
	<low_skills>
		<low_skill name="rigth_ball_move_side_front" firstPhase="rigth_ball_move_side_front" />
	</low_skills>
	
	<phases>
		<phase name="rigth_ball_move_side_front" next="rigth_ball_move_side_front1">
			<effectors>
			</effectors>
			<duration>1000</duration>
		</phase>
		<phase name="rigth_ball_move_side_front1" next="rigth_ball_move_side_front2">
			<effectors>
				<rle1 end="0" />
				<lle1 end="0" />
				<rle2 end="7" />
				<lle2 end="-7" />
				<rle3 end="55" />
				<lle3 end="55" />
				<rle4 end="-60" />
				<lle4 end="-60" />
				<rle5 end="30" />
				<lle5 end="30" />
				<rle6 end="-7" />
				<lle6 end="7" />
				<rae1 end="-90"/>
				<lae1 end="-90"/>
				<rae2 end="-10"/>
				<lae2 end="10"/>
				<rae3 end="90"/>
				<lae3 end="-90"/>
				<rae4 end="45"/>
				<lae4 end="-45"/>
			</effectors>
			<duration>2000</duration>
		</phase>
		<phase name="rigth_ball_move_side_front2"  next="rigth_ball_move_side_front3">
			<effectors>
				<rle1 end="0" />
				<lle1 end="0" />
				<rle2 end="-15" />
				<lle2 end="-15" />
				<rle3 end="100" />
				<lle3 end="55" />
				<rle4 end="-130" />
				<lle4 end="-60" />
				<rle5 end="75" />
				<lle5 end="30" />
				<rle6 end="15" />
				<lle6 end="15" />
			</effectors>
			<duration>1000</duration>
		</phase>
		<phase name="rigth_ball_move_side_front3"  next="rigth_ball_move_side_front4">
			<effectors>
				<rle1 end="0" />
				<lle1 end="0" />
				<rle2 end="-15" />
				<lle2 end="-15" />
				<rle3 end="0" />
				<lle3 end="55" />
				<rle4 end="-100" />
				<lle4 end="-60" />
				<rle5 end="75" />
				<lle5 end="30" />
				<rle6 end="15" />
				<lle6 end="15" />
			</effectors>
			<duration>500</duration>
		</phase>
		<phase name="rigth_ball_move_side_front4"  next="rigth_ball_move_side_front5">
			<effectors>
				<rle1 end="-90" />
				<lle1 end="-25" />
				<rle2 end="-15" />
				<lle2 end="-15" />
				<rle3 end="0" />
				<lle3 end="55" />
				<rle4 end="-70" />
				<lle4 end="-60" />
				<rle5 end="45" />
				<lle5 end="30" />
				<rle6 end="15" />
				<lle6 end="15" />
			</effectors>
			<duration>1000</duration>
		</phase>
		<phase name="rigth_ball_move_side_front5"  next="rigth_ball_move_side_front6">
			<effectors>
				<rle1 end="0" />
				<lle1 end="0" />
				<rle2 end="-15" />
				<lle2 end="-15" />
				<rle3 end="55" />
				<lle3 end="55" />
				<rle4 end="-70" />
				<lle4 end="-60" />
				<rle5 end="35" />
				<lle5 end="30" />
				<rle6 end="15" />
				<lle6 end="15" />
			</effectors>
			<duration>2500</duration>
		</phase>
		<!--
		<phase name="rigth_ball_move_side_front6"  next="rigth_ball_move_side_front7">
			<effectors>
				<rle1 end="0" />
				<lle1 end="0" />
				<rle2 end="-15" />
				<lle2 end="-15" />
				<rle3 end="100" />
				<lle3 end="55" />
				<rle4 end="-130" />
				<lle4 end="-60" />
				<rle5 end="75" />
				<lle5 end="30" />
				<rle6 end="15" />
				<lle6 end="15" />
			</effectors>
			<duration>5000</duration>
		</phase>-->
	</phases>
</robot>