<?xml version="1.0" encoding="UTF-8"?>
<!--
Autor:Ivan Hujsi
Description: kicks the ball in front of the player to the front
phases:basic stance, lifting rigth foot, kick, return to basic stance
area of use: not yet specified
parametrizable: looks like there is a posibility of changing the time to change the kick distance
-->
<robot xsi:noNamespaceSchemaLocation="moves.xsd">
	<low_skills>
		<low_skill name="rigth_front_front_kick" firstPhase="rigth_front_front_kick" />
	</low_skills>
	
	<phases>
		<phase name="rigth_front_front_kick" next="rigth_front_front_kick0">
			<effectors>
			</effectors>
			<duration>300</duration>
		</phase>
		<phase name="rigth_front_front_kick0" next="rigth_front_front_kick1">
			<effectors>
				<rle1 end="0" />
				<lle1 end="0" />
				<rle2 end="7" />
				<lle2 end="-7" />
				<rle3 end="55" />
				<lle3 end="55" />
				<rle4 end="-60" />
				<lle4 end="-60" />
				<rle5 end="30" />
				<lle5 end="30" />
				<rle6 end="-7" />
				<lle6 end="7" />
				<rae1 end="-90"/>
				<lae1 end="-90"/>
				<rae2 end="-10"/>
				<lae2 end="10"/>
				<rae3 end="90"/>
				<lae3 end="-90"/>
				<rae4 end="45"/>
				<lae4 end="-45"/>
			</effectors>
			<duration>5000</duration>
		</phase>
		<phase name="rigth_front_front_kick1"  next="rigth_front_front_kick2">
			<effectors>
				<rle1 end="0" />
				<lle1 end="0" />
				<rle2 end="-15" />
				<lle2 end="-15" />
				<rle3 end="71" />
				<lle3 end="55" />
				<rle4 end="-101" />
				<lle4 end="-60" />
				<rle5 end="58" />
				<lle5 end="30" />
				<rle6 end="15" />
				<lle6 end="15" />
			</effectors>
			<duration>5000</duration>
		</phase>
		<phase name="rigth_front_front_kick2"  next="rigth_front_front_kick3">
			<effectors>
				<rle1 end="0" />
				<lle1 end="0" />
				<rle2 end="-15" />
				<lle2 end="-15" />
				<rle3 end="71" />
				<lle3 end="55" />
				<rle4 end="-31" />
				<lle4 end="-60" />
				<rle5 end="-12" />
				<lle5 end="30" />
				<rle6 end="15" />
				<lle6 end="15" />
			</effectors>
			<duration>100</duration>
		</phase>
		<phase name="rigth_front_front_kick3"  next="rigth_front_front_kick4">
			<effectors>
				<rle1 end="0" />
				<lle1 end="0" />
				<rle2 end="-15" />
				<lle2 end="-15" />
				<rle3 end="92" />
				<lle3 end="55" />
				<rle4 end="-10" />
				<lle4 end="-60" />
				<rle5 end="-33" />
				<lle5 end="30" />
				<rle6 end="15" />
				<lle6 end="15" />
			</effectors>
			<duration>40</duration>
		</phase>
		<phase name="rigth_front_front_kick4"  next="rigth_front_front_kick">
			<effectors>
				<rle1 end="0" />
				<lle1 end="0" />
				<rle2 end="-15" />
				<lle2 end="-15" />
				<rle3 end="75" />
				<lle3 end="55" />
				<rle4 end="-100" />
				<lle4 end="-60" />
				<rle5 end="50" />
				<lle5 end="30" />
				<rle6 end="15" />
				<lle6 end="15" />
			</effectors>
			<duration>5000</duration>
		</phase>
	</phases>
</robot>
