<?xml version="1.0" encoding="UTF-8"?>
<robot xsi:noNamespaceSchemaLocation="moves.xsd">
	<low_skills>
		<low_skill name="rigth_strong_kick" firstPhase="rigth_strong_kick" />
	</low_skills>
	
	<phases>
		<phase name="rigth_strong_kick" next="rigth_strong_kick1">
			<effectors>
			</effectors>
			<duration>100</duration>
		</phase>
		<phase name="rigth_strong_kick1" next="rigth_strong_kick2">
			<effectors>
				<rle1 end="0" />
				<lle1 end="0" />
				<rle2 end="7" />
				<lle2 end="-7" />
				<rle3 end="55" />
				<lle3 end="55" />
				<rle4 end="-60" />
				<lle4 end="-60" />
				<rle5 end="30" />
				<lle5 end="30" />
				<rle6 end="-7" />
				<lle6 end="7" />
				<rae1 end="-90"/>
				<lae1 end="-90"/>
				<rae2 end="-10"/>
				<lae2 end="10"/>
				<rae3 end="90"/>
				<lae3 end="-90"/>
				<rae4 end="45"/>
				<lae4 end="-45"/>
			</effectors>
			<duration>1000</duration>
		</phase>
		<phase name="rigth_strong_kick2"  next="rigth_strong_kick3">
			<effectors>
				<rle1 end="0" />
				<lle1 end="0" />
				<rle2 end="7" />
				<lle2 end="-7" />
				<rle3 end="55" />
				<lle3 end="75" />
				<rle4 end="-60" />
				<lle4 end="-100" />
				<rle5 end="30" />
				<lle5 end="50" />
				<rle6 end="-7" />
				<lle6 end="7" />
			</effectors>
			<duration>1000</duration>
		</phase>
		<phase name="rigth_strong_kick3"  next="rigth_strong_kick35">
			<effectors>
				<rle1 end="0" />
				<lle1 end="0" />
				<rle2 end="7" />
				<lle2 end="-7" />
				<rle3 end="55" />
				<lle3 end="65" />
				<rle4 end="-60" />
				<lle4 end="-50" />
				<rle5 end="30" />
				<lle5 end="15" />
				<rle6 end="-7" />
				<lle6 end="7" />
			</effectors>
			<duration>1000</duration>
		</phase>
		<phase name="rigth_strong_kick35"  next="rigth_strong_kick4">
			<effectors>
				<rle1 end="0" />
				<lle1 end="0" />
				<rle2 end="7" />
				<lle2 end="-7" />
				<rle3 end="55" />
				<lle3 end="65" />
				<rle4 end="-80" />
				<lle4 end="-50" />
				<rle5 end="50" />
				<lle5 end="15" />
				<rle6 end="-7" />
				<lle6 end="7" />
			</effectors>
			<duration>1000</duration>
		</phase>
		<phase name="rigth_strong_kick4"  next="rigth_strong_kick5">
			<effectors>
				<!--<rle1 end="-5" />
				<lle1 end="-5" />
				--><rle2 end="-7" />
				<lle2 end="-7" />
				<rle3 end="45" />
				<lle3 end="0" />
				<rle4 end="-70" />
				<lle4 end="0" />
				<rle5 end="20" />
				<lle5 end="0" />
				<rle6 end="7" />
				<lle6 end="7" />
			</effectors>
			<duration>1000</duration>
		</phase>
		<!--5.4:( stale daleko od sedem-->
		<phase name="rigth_strong_kick4"  next="rigth_strong_kick6">
			<effectors>
				<!--<rle1 end="-10" />
				<lle1 end="-10" />
				--><rle2 end="-15" />
				<lle2 end="-15" />
				<rle3 end="10" />
				<lle3 end="25" />
				<rle4 end="-105" />
				<lle4 end="0" />
				<rle5 end="55" />
				<lle5 end="0" />
				<rle6 end="15" />
				<lle6 end="15" />
			</effectors>
			<duration>1000</duration>
		</phase>
		<phase name="rigth_strong_kick6"  next="rigth_strong_kick">
			<effectors>
				<rle1 end="0" />
				<lle1 end="0" />
				<rle2 end="-15" />
				<lle2 end="-15" />
				<rle3 end="80" />
				<lle3 end="-25" />
				<rle4 end="-35" />
				<lle4 end="0" />
				<rle5 end="-15" />
				<lle5 end="0" />
				<rle6 end="15" />
				<lle6 end="15" />
			</effectors>
			<duration>60</duration>
		</phase>
		<phase name="rigth_strong_kick6"  next="rigth_strong_kick">
			<effectors>
				<!--<rle1 end="0" />
				<lle1 end="0" />
				--><rle2 end="-15" />
				<lle2 end="-15" />
				<rle3 end="80" />
				<lle3 end="-25" />
				<rle4 end="-35" />
				<lle4 end="0" />
				<rle5 end="-15" />
				<lle5 end="0" />
				<rle6 end="15" />
				<lle6 end="15" />
			</effectors>
			<duration>100</duration>
		</phase>
		<!-- this works now new kicking:)-->
		<!-- hm just 4.6:(
		<phase name="rigth_strong_kick4"  next="rigth_strong_kick5">
			<effectors>
				<rle1 end="0" />
				<lle1 end="0" />
				<rle2 end="-7" />
				<lle2 end="-7" />
				<rle3 end="0" />
				<lle3 end="42" />
				<rle4 end="-91" />
				<lle4 end="0" />
				<rle5 end="67" />
				<lle5 end="0" />
				<rle6 end="7" />
				<lle6 end="7" />
			</effectors>
			<duration>5000</duration>
		</phase>
		<phase name="rigth_strong_kick5"  next="rigth_strong_kick">
			<effectors>
				<rle1 end="0" />
				<lle1 end="0" />
				<rle2 end="-7" />
				<lle2 end="-7" />
				<rle3 end="42" />
				<lle3 end="-21" />
				<rle4 end="-28" />
				<lle4 end="0" />
				<rle5 end="4" />
				<lle5 end="0" />
				<rle6 end="7" />
				<lle6 end="7" />
			</effectors>
			<duration>120</duration>
		</phase>-->
	</phases>
</robot>