<?xml version="1.0" encoding="UTF-8"?>
<!--
Autor:Ivan Hujsi
Description: kicks the ball in front of the player to the side
phases:basic stance, lifting rigth foot, stretching rigth foot, kick, return to basic stance
area of use: not yet specified
parametrizable: looks like there is a posibility of changing the time to change the kick distance
-->
<robot xsi:noNamespaceSchemaLocation="moves.xsd">
	<low_skills>
		<low_skill name="rigth_ball_arangment_small" firstPhase="rigth_ball_arangment_small" />
	</low_skills>
	
	<phases>
		<phase name="rigth_ball_arangment_small" next="rigth_ball_arangment_small0">
			<effectors>
			</effectors>
			<duration>20</duration>
		</phase>
		<phase name="rigth_ball_arangment_small0" next="rigth_ball_arangment_small1">
			<effectors>
				<rle1 end="0" />
				<lle1 end="0" />
				<rle2 end="7" />
				<lle2 end="-7" />
				<rle3 end="55" />
				<lle3 end="55" />
				<rle4 end="-60" />
				<lle4 end="-60" />
				<rle5 end="30" />
				<lle5 end="30" />
				<rle6 end="-7" />
				<lle6 end="7" />
				<rae1 end="-90"/>
				<lae1 end="-90"/>
				<rae2 end="-10"/>
				<lae2 end="10"/>
				<rae3 end="90"/>
				<lae3 end="-90"/>
				<rae4 end="45"/>
				<lae4 end="-45"/>
			</effectors>
			<duration>1000</duration>
		</phase>
		<phase name="rigth_ball_arangment_small1"  next="rigth_ball_arangment_small2">
			<effectors>
				<rle1 end="-2" />
				<lle1 end="0" />
				<rle2 end="-30" />
				<lle2 end="-15" />
				<rle3 end="55" />
				<lle3 end="55" />
				<rle4 end="-80" />
				<lle4 end="-60" />
				<rle5 end="50" />
				<lle5 end="30" />
				<rle6 end="45" />
				<lle6 end="15" />
			</effectors>
			<duration>1000</duration>
		</phase>
		<phase name="rigth_ball_arangment_small2"  next="rigth_ball_arangment_small3">
			<effectors>
				<rle1 end="-7" />
				<lle1 end="0" />
				<rle2 end="-45" />
				<lle2 end="-15" />
				<rle3 end="55" />
				<lle3 end="55" />
				<rle4 end="-95" />
				<lle4 end="-60" />
				<rle5 end="65" />
				<lle5 end="30" />
				<rle6 end="0" />
				<lle6 end="15" />
			</effectors>
			<duration>300</duration>
		</phase>
		<phase name="rigth_ball_arangment_small3"  next="rigth_ball_arangment_small4">
			<effectors>
				<rle1 end="-21" />
				<lle1 end="0" />
				<rle2 end="-45" />
				<lle2 end="-15" />
				<rle3 end="75" />
				<lle3 end="55" />
				<rle4 end="-25" />
				<lle4 end="-60" />
				<rle5 end="-25" />
				<lle5 end="30" />
				<rle6 end="0" />
				<lle6 end="15" />
			</effectors>
			<duration>300</duration>
		</phase>
		<phase name="rigth_ball_arangment_small4"  next="rigth_ball_arangment_small5">
			<effectors>
				<rle1 end="-10" />
				<lle1 end="0" />
				<rle2 end="-45" />
				<lle2 end="-15" />
				<rle3 end="75" />
				<lle3 end="55" />
				<rle4 end="-25" />
				<lle4 end="-60" />
				<rle5 end="-25" />
				<lle5 end="30" />
				<rle6 end="0" />
				<lle6 end="15" />
			</effectors>
			<duration>5000</duration>
		</phase>
		<phase name="rigth_ball_arangment_small5"  next="rigth_ball_arangment_small">
			<effectors>
				<rle1 end="-10" />
				<lle1 end="0" />
				<rle2 end="-45" />
				<lle2 end="-15" />
				<rle3 end="80" />
				<lle3 end="55" />
				<rle4 end="-130" />
				<lle4 end="-60" />
				<rle5 end="75" />
				<lle5 end="30" />
				<rle6 end="0" />
				<lle6 end="15" />
			</effectors>
			<duration>5000</duration>
		</phase>
	</phases>
</robot>
