<?xml version="1.0" encoding="UTF-8"?>
<robot xsi:noNamespaceSchemaLocation="moves.xsd">
	<low_skills>
		<low_skill name="rollback" firstPhase="straighten"/>
	</low_skills>
	
	<phases>
		<phase name="straighten" isFinal="true">
			<effectors>
				<he1 end="0" />
				<he2 end="0" />
				<rae1 end="0" computed="rollbackArms" />
				<lae1 end="0" computed="rollbackArms" />
				<rae2 end="0" />
				<lae2 end="0" />
				<rae3 end="0" />
				<lae3 end="0" />
				<rae4 end="0" />
				<lae4 end="0" />
				<rle1 end="0" />
				<lle1 end="0" />
				<rle2 end="0" />
				<lle2 end="0" />
				<rle3 end="0" />
				<lle3 end="0" />
				<rle4 end="0" />
				<lle4 end="0" />
				<rle5 end="0" />
				<lle5 end="0" />
				<rle6 end="0" />
				<lle6 end="0" />
			</effectors>
			<duration>600</duration>
			<finalize>stop_straighten</finalize>
		</phase>
		<phase name="stop_straighten" isFinal="true" setFlagTrue="rollbacked">
			<effectors></effectors>
			<duration>600</duration>
			<finalize>stop_straighten</finalize>
		</phase>
	</phases>
</robot>