<?xml version="1.0" encoding="UTF-8"?>
<robot xsi:noNamespaceSchemaLocation="moves.xsd">
	<constants>
		<constant name="strafe_leg_crouch" value="30" />
		<constant name="strafe_leg_span" value="7" />
		<constant name="strafe_step_length" value="15" />
	</constants>

	<low_skills>
		<low_skill name="roznozka" firstPhase="roznozka_0" />
	</low_skills>
	<phases>
    <phase name="roznozka_0" next="roznozka_1">
      <effectors>
        <lae2 end="30"/>
        
        <rle3 end="90"/>
        
        <lle3 end="90"/>
        
        <rae1 end="-120"/>
        
        <rae2 end="-30"/>
        
        <lae1 end="-120"/>
        
      </effectors>
      

      <duration>100</duration>
    </phase>
    <phase name="roznozka_1" next="roznozka_2">
      <effectors>
        <rle5 end="-45"/>
        
        <lle5 end="-45"/>
        
      </effectors>
      

      <duration>150</duration>
    </phase>
    <phase name="roznozka_2" isFinal="true">
      <effectors>
        <rae3 end="-120"/>
        
        <lae2 end="95"/>
        
        <rae2 end="-95"/>
        
        <lae4 end="-30"/>
        
        <rae4 end="30"/>
        
        <lae3 end="120"/>
        
        <rle2 end="-10"/>
        
        <lle1 end="-60"/>
        
        <rle1 end="-60"/>
        
        <lle3 end="85"/>
        
        <rle3 end="85"/>
        
        <lle2 end="-10"/>
        
      </effectors>
      <finalize>roznozka_2</finalize>

      <duration>550</duration>
    </phase>
  </phases>
</robot>