<?xml version="1.0" encoding="UTF-8"?>
<robot xsi:noNamespaceSchemaLocation="moves.xsd">
	<low_skills>
		<low_skill name="stable_walk_second" firstPhase="stable_walk_second_start" />
	</low_skills>
	
	<phases>
	
		<phase name="stable_walk_second_start" next="stable_walk_second1">
			<effectors>
				
				<lle2 end="-11"/>
				<rle2 end="-11"/>
				<lle6 end="11"/>
				<rle6 end="11"/>
				
				
				<rae1 end="-110"/>
				<lae1 end="-110"/>
				<rae2 end="-10"/>
				<lae2 end="10"/>
				<rae3 end="90"/>
				<lae3 end="-90"/>
				<rae4 end="45"/>
				<lae4 end="-45"/>
				
				
				
			</effectors>
			<duration>2000</duration>
		</phase>
		
		<phase name="stable_walk_second1" next="stable_walk_second2">
			<effectors>
				
				<lle3 end="0"/>
				<rle3 end="45"/>
				<lle4 end="0"/>
				<rle4 end="-90"/>
				<lle5 end="0"/>
				<rle5 end="45"/>
				
				
				<lle2 end="-11"/>
				<rle2 end="-11"/>
				<lle6 end="11"/>
				<rle6 end="11"/>
				
				
			</effectors>
			<duration>300</duration>
		</phase>
		
			
		<phase name="stable_walk_second2" next="stable_walk_second3">
			<effectors>
				
				
				<lle3 end="45"/>
				<rle3 end="50"/>
				<lle4 end="-90"/>
				<rle4 end="0"/>
				<lle5 end="45"/>
				<rle5 end="-45"/>
				
				
				<lle2 end="-11"/>
				<rle2 end="11"/>
				<lle6 end="11"/>
				<rle6 end="-11"/>
				
				
			</effectors>
			<duration>400</duration>
		</phase>
		
		<phase name="stable_walk_second3" next="stable_walk_second4">
			<effectors>
							
				<rle3 end="45"/>

			</effectors>
			<duration>50</duration>
		</phase>
		
		<phase name="stable_walk_second4" next="stable_walk_second5">
			<effectors>
				
				
				<lle3 end="-13"/>
				<rle3 end="45"/>
				<lle4 end="-55"/>
				<rle4 end="-90"/>
				<lle5 end="68"/>
				<rle5 end="45"/>
				
	
			</effectors>
			<duration>600</duration>
		</phase>
		
		<phase name="stable_walk_second5" next="stable_walk_second6">
			<effectors>
				
				
				<rle3 end="0"/>
				<lle3 end="45"/>
				<rle4 end="0"/>
				<lle4 end="-90"/>
				<rle5 end="0"/>
				<lle5 end="45"/>
				
				<lle2 end="11"/>
				<rle2 end="11"/>
				<lle6 end="-11"/>
				<rle6 end="-11"/>
				
				
			</effectors>
			<duration>300</duration>
		</phase>
		
		<phase name="stable_walk_second6" next="stable_walk_second7">
			<effectors>
				
				
				<rle3 end="45"/>
				<lle3 end="50"/>
				<rle4 end="-90"/>
				<lle4 end="0"/>
				<rle5 end="45"/>
				<lle5 end="-45"/>
				
				
				<lle2 end="-11"/>
				<rle2 end="11"/>
				<lle6 end="11"/>
				<rle6 end="-11"/>
				
			</effectors>
			<duration>400</duration>
		</phase>
		
		<phase name="stable_walk_second7" next="stable_walk_second8">
			<effectors>
							
				<lle3 end="45"/>

			</effectors>
			<duration>50</duration>
		</phase>
		
		<phase name="stable_walk_second8" next="stable_walk_wait">
			<effectors>
				
				
				<rle3 end="-13"/>
				<lle3 end="45"/>
				<rle4 end="-55"/>
				<lle4 end="-90"/>
				<rle5 end="68"/>
				<lle5 end="45"/>
				
	
			</effectors>
			<duration>600</duration>
		</phase>
			<phase name="stable_walk_wait" next="stable_walk_second1">
			<effectors>
				
				
				<rle3 end="-13"/>
				<lle3 end="45"/>
				<rle4 end="-55"/>
				<lle4 end="-90"/>
				<rle5 end="68"/>
				<lle5 end="45"/>
				
	
			</effectors>
			<duration>600</duration>
		</phase>
		
		
				
	</phases>
</robot>
