<?xml version="1.0" encoding="UTF-8"?>
<robot xsi:noNamespaceSchemaLocation="moves.xsd">
	<constants>
		<constant name="turn_right_speed" value="-40"/>
		<constant name="turn_right_crouch" value="45" />
	</constants>

	<low_skills>
		<low_skill name="turn_right" firstPhase="turn_right_stance" />
	</low_skills>
	<phases>
		<phase name="turn_right_stance" next="lift_left">
			<effectors>
				<rae1 end="-90" />
				<lae1 end="-90" />
				
				<rle3 end="turn_right_crouch-5" />
				<rle4 end="-2*turn_right_crouch"/>
				<rle5 end="turn_right_crouch" />
				
				<lle3 end="turn_right_crouch-5" />
				<lle4 end="-2*turn_right_crouch"/>
				<lle5 end="turn_right_crouch" />
			</effectors>
			<duration>2000</duration>
		</phase>
		<phase name="lift_left" next="down_left">
			<effectors>
				<lle1 end="turn_right_speed"/>
				<lae1 end="0" />
				<rae1 end="0" />
			</effectors>
			<duration>500</duration>
		</phase>
		<phase name="down_left" next="lift_left" isFinal="true">
			<effectors>
				<lle1 end="0"/>
			</effectors>
			<finalize>finish_turn_right</finalize>
			<duration>300</duration>
		</phase>
		<phase name="finish_turn_right" next="finish_turn_right" isFinal="true">
			<effectors>
				<lae1 end="-90" />
				<rae1 end="-90" />
			</effectors>
			<finalize>finish_turn_right</finalize>
			<duration>300</duration>
		</phase>
	</phases>
</robot>