<?xml version="1.0" encoding="UTF-8"?>
<robot xsi:noNamespaceSchemaLocation="moves.xsd">
	<constants>
		<constant name="strafe_leg_crouch" value="30" />
		<constant name="strafe_leg_span" value="7" />
		<constant name="strafe_step_length" value="15" />
	</constants>

	<low_skills>
		<low_skill name="turn_right_small" firstPhase="turn_right_small_stance" />
	</low_skills>
	<phases>
		<phase name="turn_right_small_stance" next="start_small_turning_right">
			<effectors>
				<rle3 end="strafe_leg_crouch+30" />
				<rle4 end="-2*strafe_leg_crouch"/>
				<rle5 end="strafe_leg_crouch" />
				
				<lle3 end="strafe_leg_crouch+30" />
				<lle4 end="-2*strafe_leg_crouch"/>
				<lle5 end="strafe_leg_crouch" />
				
				
				<rae1 end="-90"/>
				<lae1 end="-90"/>
				<rae2 end="-10"/>
				<lae2 end="10"/>
				<rae3 end="90"/>
				<lae3 end="-90"/>
				<rae4 end="45"/>
				<lae4 end="-45"/>
			</effectors>
			<duration>1000</duration>
		</phase>
		
		<phase name="start_small_turning_right" next="start_small_turning_right3">
			<effectors>
				
				<rle2 end="-30"/>
				<lle2 end="0"/>
				<rle6 end="3"/>
				<lle6 end="0"/>
				
				
				
			</effectors>
			<duration>250</duration>
		</phase>
		<phase name="start_small_turning_right3" next="start_small_turning_right4">
			<effectors>
				
				<rle2 end="0"/>
				<lle2 end="3"/>
				<rle6 end="0"/>
				<lle6 end="0"/>
				
				
				
			</effectors>
			<duration>250</duration>
		</phase>
		
		<phase name="start_small_turning_right4" next="start_small_turning_right5">
			<effectors>
				
				<rle2 end="0"/>
				<lle2 end="5"/>
				<rle6 end="0"/>
				<lle6 end="-2"/>
				
				
				
			</effectors>
			<duration>250</duration>
		</phase>
		<phase name="start_small_turning_right5" next="start_small_turning_right">
			<effectors>
				
				<rle2 end="0"/>
				<lle2 end="3"/>
				<rle6 end="0"/>
				<lle6 end="0"/>
				
				
				
			</effectors>
			<duration>240</duration>
		</phase>
	</phases>
</robot>