<?xml version="1.0" encoding="UTF-8"?>
<robot xsi:noNamespaceSchemaLocation="moves.xsd">
	<constants>
		<constant name="turn_left_speed" value="-40"/>
		<constant name="turn_left_crouch" value="45" />
	</constants>

	<low_skills>
		<low_skill name="turn_left" firstPhase="turn_left_stance" />
	</low_skills>
	<phases>
		<phase name="turn_left_stance" next="lift_right">
			<effectors>
				<rae1 end="-90" />
				<lae1 end="-90" />
				
				<rle3 end="turn_left_crouch-5" />
				<rle4 end="-2*turn_left_crouch"/>
				<rle5 end="turn_left_crouch" />
				
				<lle3 end="turn_left_crouch-5" />
				<lle4 end="-2*turn_left_crouch"/>
				<lle5 end="turn_left_crouch" />
			</effectors>
			<duration>2000</duration>
		</phase>
		<phase name="lift_right" next="down_right">
			<effectors>
				<rle1 end="turn_left_speed"/>
				<rae1 end="0" />
				<lae1 end="0" />
			</effectors>
			<duration>500</duration>
		</phase>
		<phase name="down_right" next="lift_right" isFinal="true">
			<effectors>
				<rle1 end="0"/>
			</effectors>
			<finalize>finish_turn_left</finalize>
			<duration>300</duration>
		</phase>
		
		<phase name="finish_turn_left" next="finish_turn_left" isFinal="true">
			<effectors>
				<rae1 end="-90" />
				<lae1 end="-90" />
			</effectors>
			<finalize>finish_turn_left</finalize>
			<duration>300</duration>
		</phase>
	</phases>
</robot>