<?xml version="1.0" encoding="UTF-8"?>
<robot xsi:noNamespaceSchemaLocation="moves.xsd">

	<constants>
		<constant name="walk_leg_crouch" value="30" />
		<constant name="walk_leg_span" value="7" />
		<constant name="walk_step_length" value="15" />
	</constants>

	<low_skills>
		<low_skill name="walk" firstPhase="basic_stance"/>
	</low_skills>
	
	<phases>
		<phase name="basic_stance" next="start_walking">
			<effectors>
				<rle3 end="walk_leg_crouch+10" />
				<rle4 end="-2*walk_leg_crouch"/>
				<rle5 end="walk_leg_crouch" />
				
				<lle3 end="walk_leg_crouch+10" />
				<lle4 end="-2*walk_leg_crouch"/>
				<lle5 end="walk_leg_crouch" />
				
				<rae1 end="-90"/>
				<lae1 end="-90"/>
				<rae2 end="-10"/>
				<lae2 end="10"/>
				<rae3 end="90"/>
				<lae3 end="-90"/>
				<rae4 end="45"/>
				<lae4 end="-45"/>
			</effectors>
			<duration>1000</duration>
		</phase>
		<phase name="start_walking" next="start_walking2">
			<effectors>
				<rle3 end="walk_leg_crouch + 20"/>
				<rle4 end="-2*walk_leg_crouch - 20"/>
				<rle5 end="walk_leg_crouch + 10"/>
				
				<lle3 end="walk_leg_crouch + 0"/>
				<lle4 end="-2*walk_leg_crouch + 20"/>
				<lle5 end="walk_leg_crouch -  10"/>
			</effectors>
			<duration>260</duration>
		</phase>
		<phase name="start_walking2" next="start_walking">
			<effectors>
				<rle3 end="walk_leg_crouch + 0"/>
				<rle4 end="-2*walk_leg_crouch + 20"/>
				<rle5 end="walk_leg_crouch - 10"/>
				
				<lle3 end="walk_leg_crouch + 20"/>
				<lle4 end="-2*walk_leg_crouch - 20"/>
				<lle5 end="walk_leg_crouch + 10"/>
			</effectors>
			<duration>260</duration>
		</phase>
	</phases>
</robot>