<?xml version="1.0" encoding="UTF-8"?>
<robot xsi:noNamespaceSchemaLocation="moves.xsd">
	<low_skills>
		<low_skill name="init" firstPhase="init_attempt" />
	</low_skills>

	<phases>
		<phase name="init_attempt" next="init_attempt_final">
			<effectors>
				<rle1 end="0" />
				<lle1 end="0" />
				<rle2 end="7" />
				<lle2 end="-7" />
				<rle3 end="46" />
				<lle3 end="46" />
				<rle4 end="-60" />
				<lle4 end="-60" />
				<rle5 end="30" />
				<lle5 end="30" />
				<rle6 end="-7" />
				<lle6 end="7" />
				<rae1 end="-90" />
				<lae1 end="-90" />
				<rae2 end="-10" />
				<lae2 end="10" />
				<rae3 end="90" />
				<lae3 end="-90" />
				<rae4 end="45" />
				<lae4 end="-45" />
			</effectors>
			<duration>700</duration>
		</phase>
		<phase name="init_attempt_final" >
			<effectors>
			</effectors>
			<duration>700</duration>
			<finalize>init_attempt_final</finalize>
		</phase>
		</phases>
</robot>