<?xml version="1.0" encoding="UTF-8"?>
<robot xsi:noNamespaceSchemaLocation="moves.xsd">
	<low_skills>
		<low_skill name="stand_back" firstPhase="stand_back_start" />
	</low_skills>
	
	<phases>
		<phase name="stand_back_start" next="stand_back2" skipIfFlag="rollbacked">
			<effectors>
			</effectors>
			<duration>500</duration>
		</phase>
		<phase name="stand_back1" next="stand_back2">
			<effectors>
				<rle5 end="-45" />
				<lle5 end="-45" />
			</effectors>
			<duration>500</duration>
		</phase>
		<phase name="stand_back2"  next="stand_backw3" skipIfFlag="rollbacked">
			<effectors>
				<rle1 end="0" />
				<lle1 end="0" />
				<rle2 end="0" />
				<lle2 end="0" />
				<rle3 end="0" />
				<lle3 end="0" />
				<rle4 end="0" />
				<lle4 end="0" />
				<rle5 end="0" />
				<lle5 end="0" />
				<rle6 end="0" />
				<lle6 end="0" />
				<rae1 end="-90"/>
				<lae1 end="-90"/>
				<rae2 end="0"/>
				<lae2 end="0"/>
				<rae3 end="0"/>
				<lae3 end="0"/>
				<rae4 end="0"/>
				<lae4 end="0"/>
			</effectors>
			<duration>500</duration>
		</phase>
		<phase name="stand_backw3"  next="stand_back3" skipIfFlag="rollbacked">
			<effectors>
			</effectors>
			<duration>500</duration>
		</phase>
		<phase name="stand_back3" next="stand_back5" setFlagFalse="rollbacked">
			<effectors>
			    <rae1 end="0" />
				<lae1 end="0" />
				<rle3 end="90" />
				<lle3 end="90" />
			</effectors>
			<duration>200</duration>
		</phase>
		<phase name="stand_back5" next="stand_back7">
			<effectors>
			    <rle1 end="-90" />
				<lle1 end="-90" />
				<rle2 end="-45" />
				<lle2 end="45" />
				<rle3 end="100" />
				<lle3 end="100" />
				<rle4 end="-90" />
				<lle4 end="-90" />
				<rle5 end="65" />
				<lle5 end="65" />
				<rae1 end="-90" />
				<lae1 end="-90" />
			</effectors>
			<duration>1000</duration>
		</phase>
		<phase name="stand_back7" next="stand_back8">
			<effectors>
				<rle4 end="-130" />
				<lle4 end="-130" />
				<rle5 end="75" />
				<lle5 end="75" />
			</effectors>
			<duration>20</duration>
		</phase>
		<phase name="stand_back8" next="stand_back_start" isFinal="true">
			<effectors>
				<rle1 end="0" />
				<lle1 end="0" />
				<rle2 end="-45" />
				<lle2 end="45" />
			</effectors>
			<duration>200</duration>
			<finalize>stand_back9</finalize>
		</phase>
		<phase name="stand_back9" next="stand_back10">
			<effectors>
				<rle1 end="0" />
				<lle1 end="0" />
				<rle2 end="-7" />
				<lle2 end="7" />
				<rle3 end="55" />
				<lle3 end="55" />
				<rle4 end="-60" />
				<lle4 end="-60" />
				<rle5 end="30" />
				<lle5 end="30" />
				<rle6 end="7" />
				<lle6 end="-7" />
				<rae1 end="-90"/>
				<lae1 end="-90"/>
				<rae2 end="-10"/>
				<lae2 end="10"/>
				<rae3 end="90"/>
				<lae3 end="-90"/>
				<rae4 end="45"/>
				<lae4 end="-45"/>
			</effectors>
			<duration>700</duration>
		</phase>
		<phase name="stand_back10" next="stand_back11" skipIfFlag="in_walk_position">
			<effectors>
				<he1 end="0" computed="headAngle1" />
				<he2 end="0" computed="headAngle2" />
				<rle1 end="0" />
				<lle1 end="0" />
				<rle2 end="7" />
				<lle2 end="-7" />
				<rle3 end="46" />
				<lle3 end="46" />
				<rle4 end="-60" />
				<lle4 end="-60" />
				<rle5 end="30" />
				<lle5 end="30" />
				<rle6 end="-7" />
				<lle6 end="7" />
				<rae1 end="-90" />
				<lae1 end="-90" />
				<rae2 end="-10" />
				<lae2 end="10" />
				<rae3 end="90" />
				<lae3 end="-90" />
				<rae4 end="45" />
				<lae4 end="-45" />
			</effectors>
			<duration>700</duration>
			<finalize>stand_back10</finalize>
		</phase>
		<phase isFinal="true" name="stand_back11">
			<effectors></effectors>
			<duration>600</duration>
			<finalize>stand_back10</finalize>
		</phase>
	</phases>
</robot>