<?xml version="1.0" encoding="UTF-8"?>
<robot xsi:noNamespaceSchemaLocation="moves.xsd">
	<low_skills>
		<low_skill name="strong_right_kick" firstPhase="rigth_high_kick" />
	</low_skills>

	<phases>
		<phase name="rigth_high_kick" next="walk_attempt_start">
			<effectors>
			</effectors>
			<duration>100</duration>
		</phase>
		<phase name="walk_attempt_start" next="rigth_high_kick1" skipIfFlag="in_walk_position">
			<effectors>
				<he1 end="0" computed="headAngle1" />
				<he2 end="0" computed="headAngle2" />
				<rle1 end="0" />
				<lle1 end="0" />
				<rle2 end="7" />
				<lle2 end="-7" />
				<rle3 end="46" />
				<lle3 end="46" />
				<rle4 end="-60" />
				<lle4 end="-60" />
				<rle5 end="30" />
				<lle5 end="30" />
				<rle6 end="-7" />
				<lle6 end="7" />
				<rae1 end="-90" />
				<lae1 end="-90" />
				<rae2 end="-10" />
				<lae2 end="10" />
				<rae3 end="90" />
				<lae3 end="-90" />
				<rae4 end="45" />
				<lae4 end="-45" />
			</effectors>
			<duration>250</duration>
		</phase>
		<phase name="rigth_high_kick1" next="rigth_high_kick2">
			<effectors>
				<rle1 end="0" />
				<lle1 end="0" />
				<rle2 end="7" />
				<lle2 end="-8" />
				<rle3 end="55" />
				<lle3 end="55" />
				<rle4 end="-60" />
				<lle4 end="-60" />
				<rle5 end="30" />
				<lle5 end="30" />
				<rle6 end="-7" />
				<lle6 end="7" />
				<rae1 end="-90"/>
				<lae1 end="-90"/>
				<rae2 end="-10"/>
				<lae2 end="10"/>
				<rae3 end="90"/>
				<lae3 end="-90"/>
				<rae4 end="45"/>
				<lae4 end="-45"/>
			</effectors>
			<duration>250</duration>
		</phase>
		<phase name="rigth_high_kick2"  next="rigth_high_kick3">
			<effectors>
				<rle1 end="0" />
				<lle1 end="0" />
				<rle2 end="7" />
				<lle2 end="-7" />
				<rle3 end="55" />
				<lle3 end="75" />
				<rle4 end="-60" />
				<lle4 end="-100" />
				<rle5 end="30" />
				<lle5 end="50" />
				<rle6 end="-7" />
				<lle6 end="7" />
			</effectors>
			<duration>250</duration>
		</phase>
		<phase name="rigth_high_kick3"  next="rigth_high_kick35">
			<effectors>
				<rle1 end="0" />
				<lle1 end="0" />
				<rle2 end="7" />
				<lle2 end="-7" />
				<rle3 end="55" />
				<lle3 end="65" />
				<rle4 end="-60" />
				<lle4 end="-50" />
				<rle5 end="30" />
				<lle5 end="15" />
				<rle6 end="-7" />
				<lle6 end="7" />
			</effectors>
			<duration>250</duration>
		</phase>
		<phase name="rigth_high_kick35"  next="rigth_high_kick4">
			<effectors>
				<rle1 end="0" />
				<lle1 end="0" />
				<rle2 end="7" />
				<lle2 end="-7" />
				<rle3 end="55" />
				<lle3 end="65" />
				<rle4 end="-80" />
				<lle4 end="-50" />
				<rle5 end="50" />
				<lle5 end="15" />
				<rle6 end="-7" />
				<lle6 end="7" />
			</effectors>
			<duration>250</duration>
		</phase>
		<phase name="rigth_high_kick4"  next="rigth_high_kick5">
			<effectors>
				<rle1 end="0" />
				<lle1 end="0" />
				<rle2 end="-7" />
				<lle2 end="-7" />
				<rle3 end="0" />
				<lle3 end="42" />
				<rle4 end="-91" />
				<lle4 end="0" />
				<rle5 end="67" />
				<lle5 end="0" />
				<rle6 end="7" />
				<lle6 end="7" />
			</effectors>
			<duration>1200</duration>
		</phase>
		<phase name="rigth_high_kick5" next="rigth_high_kick7">
			<effectors>
				<rle1 end="0" />
				<lle1 end="0" />
				<rle2 end="-7" />
				<lle2 end="-7" />
				<rle3 end="62" />
				<lle3 end="-21" />
				<rle4 end="-28" />
				<lle4 end="0" />
				<rle5 end="4" />
				<lle5 end="0" />
				<rle6 end="7" />
				<lle6 end="7" />
			</effectors>
			<duration>140</duration>
		</phase>
		<phase name="rigth_high_kick7" next="rigth_high_kick8">
			<effectors>
				<rle1 end="0" />
				<lle1 end="0" />
				<rle2 end="7" />
				<lle2 end="-7" />
				<rle3 end="55" />
				<lle3 end="55" />
				<rle4 end="-60" />
				<lle4 end="-60" />
				<rle5 end="30" />
				<lle5 end="30" />
				<rle6 end="-7" />
				<lle6 end="7" />
				<rae1 end="-90"/>
				<lae1 end="-90"/>
				<rae2 end="-10"/>
				<lae2 end="10"/>
				<rae3 end="90"/>
				<lae3 end="-90"/>
				<rae4 end="45"/>
				<lae4 end="-45"/>
			</effectors>
			<duration>500</duration>
		</phase>
		<phase name="rigth_high_kick8">
			<effectors>
				<rle1 end="0" />
				<lle1 end="0" />
				<rle2 end="7" />
				<lle2 end="-7" />
				<rle3 end="55" />
				<lle3 end="55" />
				<rle4 end="-60" />
				<lle4 end="-60" />
				<rle5 end="30" />
				<lle5 end="30" />
				<rle6 end="-7" />
				<lle6 end="7" />
				<rae1 end="-90"/>
				<lae1 end="-90"/>
				<rae2 end="-10"/>
				<lae2 end="10"/>
				<rae3 end="90"/>
				<lae3 end="-90"/>
				<rae4 end="45"/>
				<lae4 end="-45"/>
			</effectors>
			<duration>1000</duration>
		</phase>
	</phases>
</robot>